1st person|Internal view selected.|default
3rd person|External view selected.|default
atlas suit|Commencing atlas system suit initialization.|default
Bounty |New bounty available.|default
breach|Danger: radiation breach.|default
Critical Damage|Device critically damaged.|default
damage|Damage sustained.|default
dead missile|Incoming missiles neutralized.|default
discovery upload(1)|Discovery uploaded.|default
discovery upload|Discovery uploaded.|default
distress signal|Distress signal detected.|default
elements 2|Element resources successfully transferred.|default
elements|Element resources successfully transferred to ship inventory.|default
extreme temp|Extreme temperature detected.|default
freigher warp|Freighter warp initiated.|default
freighter +|Freighter acquired.|default
home planet(1)|Home planet claimed.|default
home planet|Home planet established.|default
hostile shps|Hostile ships approaching.|default
Hostile system(1)|Hostile system: engage weapons.|default
hostile system(2)|Warning: hostile system.|default
Hostile system|Hostile system: weapons engaged.|default
incoming(1)|Incoming missile destroyed.|default
incoming|Incoming missile.|default
inv transfer|Inventory contents transferred.|default
jump(1)|Jump engaged.|default
jump|Jumping.|default
landing|Initiating landing sequence.|default
locked|Target locked.|default
missile destroy|Missiles destroyed.|default
missile destroyed|Missile destroyed.|default
missile Enemy|Enemy missile inbound.|default
missile inbound|"Missile inbound, impact imminent."|default
missile neut(1)|Incoming missile neutralized.|default
missile neut|Missile neutralized.|default
missile ready|Missile locked and ready.|default
missile(1)|Enemy missile incoming.|default
missile|Incoming missiles destroyed.|default
more stuff|Additional resources requiredrequired.|default
multitool charge|Multitool charge depleted.|default
new freighter|New freighter acquired.|default
new inv slot|New inventory slot available.|default
new ship|New ship now available.|default
new system|New system discovered.|default
new vehicle(1)|Vehicle acquired.|default
new vehicle|New vehicle acquired.|default
new weapon|New weapon available.|default
not clear|Landing area not clear.|default
out of range base|Base out of range.|default
out of range|"Out of range, return to base."|default
pirate at large|"Pirate ship at large, bounty available."|default
Pirate spotted|"Pirate spotted, bounty available."|default
planet analysed|New planet analysed.|default
product transfer|Product transferred.|default
Pulse|Pulse drive engaged.|default
sheild damaged|Danger: shield compromised.|default
sheild falling|Shield protection falling.|default
startup done|Initialization sequence complete.|default
target lock|Target locked.|default
target|Target acquired.|default
toxic rain|Danger: toxic rain breach.|default
transfer|Transferred.|default
underground temp|Extreme subterranean temperature detected.|default
underground toxic|Extreme subterranean toxicity detected.|default
upload|Discovery uploaded.|default
Veh summon|Vehicle summoned.|default
vehicle damage(1)|Damage sustained to vehicle.|default
vehicle damage|Vehicle damage sustained.|default
vehicle deployed|Vehicle deployed.|default
vehicle mobilised|Vehicle mobilized.|default
warp engage|Warp engaged.|default
water toxicity|Extreme water toxicity detected.|default
