1st person.wav|Internal View Selected
3rd person.wav|External View Selected
atlas suit.wav|Commencing Atlas System Suit Initialization
Bounty .wav|New Bounty Available
breach.wav|Danger: Radiation Breach
Critical Damage.wav|Device Critically Damaged
damage.wav|Damage Sustained
dead missile.wav|Incoming missiles neutralized
discovery upload(1).wav|Discovery Uploaded
discovery upload.wav|Discovery Uploaded
distress signal.wav|Distress Signal Detected
elements 2.wav|Element Resources Successfully Transferred
elements.wav|Element Resources Successfully Transferred To Ship Inventory
extreme temp.wav|Extreme temperature detected.
freigher warp.wav|Freighter Warp Initiated
freighter +.wav|Freighter Acquired
home planet(1).wav|Home Planet Claimed
home planet.wav|Home Planet Established
hostile shps.wav|Hostile Ships Approaching
Hostile system(1).wav|Hostile System: Engage Weapons
hostile system(2).wav|Warning: Hostile System
Hostile system.wav|Hostile System: Weapons Engaged
incoming(1).wav|Incoming Missile Destroyed
incoming.wav|Incoming Missile
inv transfer.wav|Inventory Contents Transferred
jump(1).wav|Jump Engaged
jump.wav|Jumping
landing.wav|Initiating Landing Sequence
locked.wav|Target Locked
missile destroy.wav|Missiles Destroyed
missile destroyed.wav|Missile Destroyed
missile Enemy.wav|Enemy Missile Inbound
missile inbound.wav|Missile inbound, impact imminent
missile neut(1).wav|Incoming missile neutralized
missile neut.wav|Missile Neutralized
missile ready.wav|Missile locked and ready
missile(1).wav|Enemy missile incoming
missile.wav|Incoming Missiles Destroyed
more stuff.wav|Additional Resources Requiredrequired
multitool charge.wav|Multitool charge depleted
new freighter.wav|New Freighter Acquired
new inv slot.wav|New inventory slot available
new ship.wav|New ship now available
new system.wav|New system discovered
new vehicle(1).wav	|Vehicle acquired
new vehicle.wav|New vehicle acquired
new weapon.wav|New weapon available
not clear.wav|Landing area not clear
out of range base.wav|Base out of range
out of range.wav|Out of range, return to base
pirate at large.wav|Pirate ship at large, bounty available
Pirate spotted.wav|Pirate spotted, bounty available
planet analysed.wav|New planet analysed
product transfer.wav|Product transferred
Pulse.wav|Pulse drive engaged
sheild damaged.wav|Danger: Shield Compromised
sheild falling.wav|Shield Protection Falling
startup done.wav|Initialization Sequence Complete
target lock.wav|Target Locked
target.wav|Target Acquired
toxic rain.wav|Danger: Toxic Rain Breach
transfer.wav|Transferred
underground temp.wav|Extreme Subterranean Temperature Detected
underground toxic.wav|Extreme Subterranean Toxicity Detected
upload.wav|Discovery uploaded
Veh summon.wav|Vehicle Summoned
vehicle damage(1).wav|Damage Sustained To Vehicle
vehicle damage.wav|Vehicle Damage Sustained
vehicle deployed.wav|Vehicle Deployed
vehicle mobilised.wav|Vehicle Mobilized
warp engage.wav|Warp engaged
water toxicity.wav|Extreme Water Toxicity Detected
