Filename,Transcription,Intent,Context,WEM number,Count
4494640.WEM,Missile Neutralized,The hostile Incoming Missile has been Neutralized,Context: A hostile incoming missile has been neutralized. The alert informs that the threat is eliminated.,4494640,
13628945.wem,Atmospheric interference,Atmospheric interference is preventing your attempt at a manouever intended for zero-gravity,"Indicates that atmospheric conditions are disrupting a zero-gravity maneuver, requiring repositioning or delay.",13628945,
27999850.WEM,Shield Protection Falling,Your Shield is taking repeated damage.,Context: The user’s shield is actively being degraded by continuous damage. Message warns of potential shield failure. Tone should be alert and clinical.,27999850,
28199458.WEM,Hostile System: Weapons Engaged,"This star system is controlled by hostile forces, combat has been initiated."," Context: Hostile forces have already initiated combat in the system, and weapons are active. The alert confirms engagement status.",28199458,
28276028.WEM,Life Support Critical,"Life support power is critically low, suit and systems shutdown is imminent"," Context: Life support power has dropped to critical levels, risking imminent shutdown of suit systems and user functions. The message warns of impending failure.",28276028,
28697689.WEM,Radiation Damage Detected,"Radiation Damage Detected, Perhaps you should put some cream on those burns.",Context: The user has been exposed to dangerous radiation levels. Message confirms biological impact. Tone is serious with slight sarcasm.,28697689,
29330265.WEM,Extreme Water Temperature Detected,Extreme Cold Water environment Detected,Context: The wearer is exposed to extremely cold water environments. The alert must specify the water temperature hazard without ambiguity or exaggeration. This warning is in reference to immersion in larger bodies of water.,29330265,
43830316.WEM,Technology Repaired,A nontrivial malfunction has been corrected in a technology module.,Repair completed on a damaged piece of installed equipment.,43830316,
45779246.WEM,Incoming Missile Neutralized,The hostile Incoming Missile has been Neutralized,Context: The hostile incoming missile threat has been neutralized and no longer poses danger. The message states this clearly.,45779246,
48466939.WEM,Freighter Warp Initiated,The freighter has initiated warp and is entering hyperspace.,Context: The user’s freighter has engaged warp engines and is transitioning into hyperspace. The message is a simple status update confirming warp initiation.,48466939,
49616634.wem,Engaging Attack Ships,"Attacking ships have been marked for destruction, proceed with weapons fire.",Instructs the player to engage and destroy identified hostile ships.,49616634,
50465612.WEM,Extreme Subterranean Toxicity Detected,Extreme Subterranean Toxicity Detected," Context: Concentrated Toxic substances are detected deep underground, breaching safe thresholds. The warning should convey the danger of subterranean toxicity with enough technical clarity to inform immediate caution.",50465612,
53870591.WEM,Radiation Protection Offline,"Your  suit can no longer protect against radiation, do you even consider your own health and safety?","Context: The suit's radiation shielding has fully failed. User is fully exposed. Message should be severe, with optional dry sarcasm.",53870591,
54980060.WEM,Radiation Protection Falling,Your  suit ability to prevent radiation damage is compromised,"Context: The suit’s radiation shielding is degrading, leaving the user increasingly vulnerable. Tone should be factual and progressively cautionary.",54980060,
56102735.WEM,Danger: Critical Hypothermia,"Extreme cold has overwhelmed your life support, onset of hypothermia has begun."," Context: Extreme cold conditions have overwhelmed the user’s life support system, and hypothermia has begun. The message must clearly indicate critical environmental danger and physiological impact. Tone should be urgent yet clinical, no added speculation or advice. No first-person or emotional phrasing.",56102735,
64910055.WEM,Warning,"Your check engine light is on, which is odd, because biological entities do not have engines.",A humorous warning suggesting the player is acting irrationally or unsustainably.,64910055,
67834502.WEM,Shields Down,Your Shields are down.  Further damage taken will be life threatening.,Shields have failed entirely; user is vulnerable to health loss and system damage.,67834502,
72116738.wem,Sentinels Arrived,Sentinels have arrived at your location.,Alerts the player that Sentinel enemy units have reached their current position.,72116738,
76438123.WEM,Extreme Cold: Critical,Extreme cold conditions are present and may cause a serious drain on life support resources.," Context: The environment’s extreme cold is critically impacting the user, potentially depleting life support resources rapidly. The message should warn of critical conditions and the need for immediate action.",76438123,
78601477.WEM,Warning: Sentinel Walker Detected,"A Sentinel Walker has been airdropped to your position, arrival imminent.",Warns of an incoming large-scale Sentinel enemy unit arriving via drop.,78601477,
80959229.WEM,Missile Locked,The hostile Missile has locked on to a target.," Context: A hostile missile has locked onto a target, indicating imminent threat. The message should be concise.",80959229,
90482995.WEM,Hostiles Approaching,"Hostile force is approaching, prepare to get your ass kicked.",Context: Hostile forces are approaching rapidly. The message is a blunt warning urging the user to prepare for confrontation.,90482995,
105331281.WEM,Component Repaired,"A damaged equipment component has been repaired, your technical skills are surprisingly well honed.",Context: A previously damaged equipment component has been successfully repaired. The message confirms repair completion without additional commentary. Tone should be concise and neutral. Avoid first-person or advisory language.,105331281,
117536789.WEM,Additional Resources Required,Obtain more construction resources to build this item.,"Context: This alert instructs the user to gather additional construction resources necessary to build an item. It is a straightforward notification indicating resource shortage for crafting. The tone must be clinical and directive, without emotional language or speculative details. The output should clearly state the need to obtain more construction resources for building, no first-person, no embellishment.",117536789,
124237937.WEM,Extreme Night Radiation Detected,Extreme Night Radiation Detected," Context: Detection systems have registered extreme radiation levels during the night cycle, posing severe risk to the wearer. The message should be concise and technical.",124237937,
126319994.WEM,Secure Transmission Module Located,A secure transmission module has been located and data is being downloaded to your navigational computer.,Context: A critical communications module has been found and is being accessed. Message should be precise and technical.,126319994,
137307545.wem,Station Proximity,"You are too close to the space station, Relocate immediately.","Warns the player that proximity to the space station is too close for safe operation, requiring immediate relocation.",137307545,
151182894.WEM,Toxic Protection Offline,"Toxic Protection Offline, it will take a long time for you to expire and it will be unpleasant the entire time it is happening.",Suit no longer blocks toxic exposure; severe and prolonged damage is expected.,151182894,
152151960.WEM,Extreme Temperature Detected,Extreme Temperature Detected," Context: Environment temperature is detected at extreme levels, either very high or very low, posing risk to the wearer and equipment. The message should be clear and non-ambiguous about the hazard. Do not specify hot or cold, this is a general warning regarding extreme temperatures as the location may fluctuate between both.",152151960,
159011641.WEM,Transferred,Something has been transferred from one inventory space to another.,An inventory item has been moved between slots or containers.,159011641,
160765928.wem,Civilian freighter destroyed,"A civilian freighter has been destroyed, you failed to save them, Their cries for help will haunt your sleep.","Alerts the player that a civilian freighter was lost and implies a failure to protect it, with a somber tone.",160765928,
162710077.wem,Sentinel Starships Inbound,Sentinel starships are on an intercept course to your position.,Warns that hostile Sentinel starships are approaching to intercept the player.,162710077,
167092968.WEM,Incoming Missiles Destroyed,All Incoming hostile Missiles have been Destroyed,Context: All incoming hostile missiles targeting the user or allies have been destroyed. The message confirms total missile defense success.,167092968,
178898599.WEM,Warning,The user should strongly reconsider their decisions.,"Advises the player to rethink recent choices, implying negative consequences may follow.",178898599,
197643865.WEM,Pulse Drive Engaged,"Pulse Drive Engaged, turbulence is expected.",Context: The user's ship has activated its pulse drive for rapid sublight travel. Inform them of the state change. Tone can be neutral with a slight operational warning.,197643865,
200893742.WEM,No Free Slots In Ship Inventory,You have no physical space available to store more items in your ship cargo holds.,Context: The ship's inventory is full. No additional items can be stored until space is cleared. Tone should be practical and direct.,200893742,
205039265.WEM,New Bounty Available,There is a new bounty posted by the Mercenaries Guild.,Context: A new bounty is available from the Mercenaries Guild. The message announces the bounty opportunity clearly.,205039265,
205192151.WEM,Warning,This course of action is ill-advised,Warns the player that what they are doing is not recommended and may be dangerous or inefficient.,205192151,
208814791.WEM,Extreme Water Toxicity Detected,Extreme Water Toxicity environment etected," Context: Water toxicity levels detected in the environment have reached extreme danger thresholds. The alert should inform without emotional tone, emphasizing risk. This warning is in reference to immersion in larger bodies of water.",208814791,
213575654.WEM,Extreme Subterranean Temperature Detected,Extreme Subterranean Temperature Detected," Context: Detection systems have registered extremely high or low temperatures deep underground. At this time, the sensors cannot determine if the extremes are hor or cold, or there may be pockets of either, so provide a general notifcation without specifying hot or cold. These temperatures are outside safe operating limits and may impact equipment or user safety. The message should alert clearly about subterranean temperature extremes.",213575654,
223423849.WEM,Discovery Uploaded,Your discovery has been uploaded to the Surveyor's Guild Database.," Context: The user’s discovery data has been transmitted and recorded in the Surveyor’s Guild Database, a registry for explorers. The message should affirm successful upload in formal, concise language.",223423849,
225625917.WEM,Objective Complete,"Well done, your objective has been completed, You deserve a cookie!",Context: A mission or assigned task has been successfully completed. Message is acknowledging completion with lighthearted tone.,225625917,
228408571.WEM,Warning,a tactical retreat is advised.,Recommends the player disengage and retreat from the current situation for safety or strategic advantage.,228408571,
236472322.WEM,Warning: Sentinel Combat Unit Deployed,You have attracted the attention of a Sentinel Combat Unit,Informs the player that an advanced Sentinel enemy unit is being deployed due to their actions.,236472322,
240393094.WEM,Warning: Sentinel Drones Activated,Multiple Sentinel Drones Activated and converging on your position.,Warns that multiple enemy drones are active and heading toward the player's location.,240393094,
241169623.WEM,Missiles Destroyed,All Incoming hostile Missiles have been Destroyed," Context: All incoming hostile missiles have been destroyed, removing the missile threat. The message confirms defense success.",241169623,
243520476.WEM,Orbital Station Coordinates Received,Your navigation computer has received new Orbital Station Coordinates.,Context: New coordinates for an orbital station have been uploaded to the user's navigation system. Informative and functional tone only.,243520476,
245522736.WEM,Enemy Missile Inbound,Hostile forces have targeted a civilian freighter and launched an anti-ship missile," Context: Hostile forces have targeted a civilian freighter with an incoming missile. The alert must be urgent and clear, focusing on imminent danger to the freighter.",245522736,
247183138.WEM,Thermal Protection Falling,Protection against extreme thermal variations is rapidly failing.,Thermal shielding capacity dropping; user will be vulnerable to environmental extremes.,247183138,
258814940.WEM,Radiation Levels Critical,"You are accumulating radiation sickness symptoms at an alarming rate, failure to mitigate will result in fatal consequences.","Context: Radiation exposure has reached a critical threshold. Message warns of imminent health failure. Tone should be urgent, but technical.",258814940,
260557941.wem,Backup generators online,"Backup generators are now in use, fuel is limited, act quickly.","Notifies that backup power is active with limited fuel supply, urging prompt action.",260557941,
263752892.WEM,Home Planet Claimed,A planet has been claimed by you as a new home.," Context: The user has officially claimed a planet as their home base. The message confirms the claim status in a neutral, declarative tone.",263752892,
272020218.WEM,Shield Down,Your Shield energy has depleted and caused a full shut-down.,Context: Shield systems are offline due to complete energy depletion. Defensive capability is lost. Tone should be alert and technical.,272020218,
278919221.wem,Hyperdrive damage is critical,"Damage to the hyperdrive is extensive, attempting a jump will result in unpleasant terminal consequences.",Warns that the hyperdrive is critically damaged and attempting a jump will likely cause catastrophic failure.,278919221,
284071635.WEM,New Assistant Acquired,A new recruit has joined your journey and you no longer qualify for the solo XP bonus.," Context: A new assistant has joined the user’s journey, disqualifying solo experience bonuses. There is no XP bonus, nor is there any XP system at all, this is just a humourous addition.",284071635,
288672024.WEM,Distress Signal Detected,"Another entity's distress beacon signal has been traced to the origin, coordinates are added to your navigation computer. ",Context: The user’s navigation computer has detected and traced a distress signal from another entity. Coordinates of the signal’s origin have been added to navigation systems for potential response. The tone should be alert but neutral.,288672024,
294741566.wem,Local enemy disruption,"Hostile forces are using a Pulse Disrupter, you are limited to standard flight speeds.","Indicates that enemy interference is disabling faster flight options, restricting player speed.",294741566,
299876357.WEM,Freighter Acquired,Your newly acquired freighter appears to be an unmaintained hunk of junk.," Context: A newly acquired freighter is in poor condition, requiring maintenance and repair.",299876357,
303147008.WEM,Units Depleted,Cash reserves have been depleted.  Your account is now empty.,Currency balance has dropped to zero; further purchases unavailable.,303147008,
306112359.WEM,Damage Sustained,Small to moderate damage has been inflicted on your body.," Context: The user’s body has sustained small to moderate physical damage. This is a status update indicating injury severity. The message should be clear and factual, with no emotional language or recommendations. Keep tone clinical and concise.",306112359,
310439562.WEM,Warning: Sentinel Interceptors Incoming,Sentinel air support forces are Incoming,Indicates that airborne Sentinel reinforcements are inbound to engage the player.,310439562,
311554138.WEM,Warping,"Jumping to hyperspace, fasten your seatbelts and confirm your space-sickness bag is ready..",A humorous line indicating the warp jump is underway and referencing space travel discomfort.,311554138,
315361790.WEM,Multi-Tool Charge Depleted,Please monitor the power level display to prevent energy cell depletion and multitool shutdown.," Context: Multi-tool power is critically low. User is advised to monitor power levels to avoid shutdown during operation. The message is technical and urgent and more than a little ""I told you so"" with an implied ""if you were monitoring your power levels, this would not have happened"".  ",315361790,
328948003.WEM,Warning,Failure to reconsider the decisions leading up to this point could result in a non-optimal outcome regarding your health and wellbeing.,Implies that continued poor decisions could lead to player harm or disadvantage.,328948003,
330331555.WEM,Units Received,Payment recieved.,Funds have been added to your account from a transaction or mission.,330331555,
330757140.WEM,Hostile Ships Defeated,"Amazingly, You survived that encounter.  Did you even try to avoid being hit by enemy weapons?"," Context: The user survived a hostile encounter, but may have taken damage or missed evading attacks. The tone should be neutral with a hint of dry commentary, reflecting the event’s outcome.",330757140,
334124591.WEM,Base Out Of Range,"You have travelled beyond the limits of the legally claimed region of your base, build options will be limited."," Context: The user has traveled outside the legally claimed region boundaries of their base. This limits building options in the current area. The message must convey geographic and gameplay restrictions clearly and precisely, while in-game the full build menu is ONLY available within a user's claimed base.  Outside the base, there are a ony a handful of small portble items availabe to be constructed and placed. Avoid ambiguity—explicitly state that the build options are restricted due to location limits. Tone should be directive and factual without speculation or emotional language.",334124591,
335483997.WEM,Toxic Protection Stabilizing,"Toxic Protection module is Stabilizing, automatic filter purge underway.",Decontamination protocols activating; toxic shielding is regaining function.,335483997,
337859118.WEM,Base Computer Online,The computer for your new base is ready for use.," Context: The computer system for the user’s new base is online and operational. This alert serves as a status confirmation that the base’s computer is ready for use. The message should be concise, professional, and neutral, avoiding embellishment or subjective commentary.",337859118,
351875919.WEM,Delve Limit Reached,It is impossible for your portable mining tools to dig any deeper due to gravitational pressure.," Context: Portable mining equipment has reached a physical limit imposed by gravitational forces, preventing further digging. The message should inform the user that further excavation is impossible due to environmental constraints.",351875919,
353234571.WEM,New Weapon Available,A new weapon is available for you.,"Context: A weapon has become available for acquisition or use. The message should sound like a system notification, not a recommendation. Keep tone dry and technical.",353234571,
370738335.wem,"Emergency damage, recovery system engaged","Extensive damage to your property has occured, self repair attempts have begun.",Alerts that severe damage has been sustained and automated repair systems are now active.,370738335,
375834098.wem,Landing sequence initiated,Attempting to land the spaceship safely.,Indicates that the landing procedure has started and the ship is descending for touchdown.,375834098,
383184645.WEM,Inventory Full,"Your inventory space is completely filled, where did you think you were going to put that?"," Context: The inventory is completely full, preventing additional item storage. The message should be factual but is engcouraged to use a sarcastic or humorous comment.",383184645,
386328035.WEM,Hostile Scan Detected,An illegal scanning frequency has been detected and your cargo manifest is being downloaded by an unknown source.," Context: Unauthorized scanning activity has been detected targeting the user’s cargo. The message should inform about the security breach in clear technical terms. They may have options to respond to the scan. you may suggest employing a scan deflector, patching into the frequency and communicating with the source, fleeing, preparing for combat, or summoning help.",386328035,
389592073.WEM,Incoming Missiles Neutralized,All Incoming hostile Missiles have been Neutralized," Context: All incoming hostile missiles have been neutralized, eliminating immediate threat. The alert confirms the defensive status.",389592073,
393574373.wem,Planetary interference,"You are too close to the planet, relocate before retrying the manouever.",Warns the player to increase distance from the planet before attempting a maneuver again due to interference.,393574373,
394683190.WEM,Shield Down,"Your Shield has been breached and taken offline, avoiding damage can typically prevent this from happening.","Context: The user's shield system has failed due to taking damage. Message includes cause and consequence. Tone should be direct, possibly critical.",394683190,
396681446.wem,Nearby toxins detected,"Corrosive toxins are attacking your suit integrity, filters are damaged.",Alerts the player that environmental toxins are damaging their suit's protective filters.,396681446,
422143449.WEM,Landing Area Not Clear,"Landing Area Not Clear, that means you can't land there, try somewhere else.",Context: The designated landing area is obstructed or unsafe for landing. The user must find an alternative safe location. The message should be straightforward.,422143449,
425064686.WEM,Arial Propulsion Jet Pack Online,"The jetpack is ready for use, you may attempt to fly like a free bird.","Context: The jetpack is fully operational and ready for use. The message should convey readiness status clearly and succinctly, with an encouraging tone. The jetback is equipment worn by the user, not a separate class of vehicle.",425064686,
431813574.WEM,Inventory Contents Transferred,Your selected inventory contents have been transferred to a new storage location.,Context: Selected inventory contents have been moved to a new storage location or compartment. The message confirms the transfer plainly.,431813574,
436192208.WEM,Starship Signal Detected,"A starship has been detected, coordinates have been added to your navigation database.",Nearby starship signal registered; navigation coordinates updated.,436192208,
449779025.WEM,Incoming Missile Destroyed,The hostile Incoming Missile has been Destroyed,Context: An incoming hostile missile has been successfully destroyed before impact. The message confirms neutralization.,449779025,
459254064.WEM,Missile Inbound: Impact Imminent,"hostile Missile Inbound, Civilian Freighter Impact Imminent",Context: A hostile missile is inbound with impact imminent on a civilian freighter. The alert is urgent and clear.,459254064,
462791110.wem,"Welcome home, Commander","Welcome home, you deserve a rest.","Greets the player upon returning to a safe or home location, acknowledging their efforts.",462791110,
468585602.WEM,Shield Down,"Your Shield energy has been depleted, immediate energy cell recharge required.",Context: Energy levels in the shield system are empty. Message urges recharge. Tone should be clinical and urgent.,468585602,
469963216.WEM,Initiating Landing Sequence,Guidance computer is taking over for an automated landing sequence.,Context: The guidance computer has assumed control to perform an automated landing sequence. The message should be factual and neutral.,469963216,
472197709.WEM,Target Acquired,A target has been acquired by your weapon system.,A valid target is now being tracked by onboard weapon targeting system.,472197709,
472945351.WEM,Radiation Protection Stabilizing,Your Radiation protection ability is recovering.,Context: The suit’s radiation protection is returning to normal operational levels. Message indicates system recovery. Keep tone neutral.,472945351,
474358890.WEM,New Freighter Acquired,You have acquired a new rust bucket junk freighter.," Context: The user has acquired a new freighter in poor condition, requiring maintenance. The message is factual and neutral.",474358890,
486861530.WEM,Warning: Elite Sentinel Force,Unfriendly Elite Sentinels are on the way.,Alerts the player that a high-level Sentinel enemy unit is approaching.,486861530,
487034870.WEM,Internal View Selected,Internal camera View Selected,Context: The user has switched to an internal camera view inside the suit or vehicle. The message should be short and clear.,487034870,
489352730.WEM,Extreme Water Temperature Detected,Extreme Hot Water environment Detected,Context: The wearer is exposed to extremely hot water environments that threaten suit function and user safety. The message should remain factual and precise. This warning is in reference to immersion in larger bodies of water.,489352730,
490165063.WEM,Extreme Night Toxicity Detected,Extreme Night Toxicity Detected," Context: Extremely toxic environmental conditions have been detected during the night cycle, posing significant danger. The alert should be factual and precise.",490165063,
494454783.WEM,Pirate Ship At Large: Bounty Available,"A space-Pirate Ship is At Large in this system, a bounty has been declared by the local mercenaries guild.",Context: A hostile target is roaming the system and has an active bounty. Message informs the user of a high-value target. Tone should be alert and opportunistic.,494454783,
496984207.WEM,Technology Offline,A technology module has been disabled.,A functional component of your suit or equipment has gone offline.,496984207,
497090550.WEM,Discovery Uploaded,Your discovery has been uploaded the the galactic network and compensation for your efforts has been provided to you.," Context: The user’s discovery has been uploaded to the galactic network, and a reward for the discovery has been processed. The message must state both upload success and reward issuance clearly.",497090550,
498474774.WEM,Toxicity Levels Critical,"Suit breach, Toxic levels rising, fatal exposure imminent.",Toxic contamination has reached fatal levels; immediate safety action required.,498474774,
510448383.WEM,Target Locked,Your Weapons have locked on to your target.,Target lock established; weapons ready to fire with high accuracy.,510448383,
512212065.WEM,Oxygen Levels Critical,Oxygen Levels are Critically low and your face is turning an alarming shade of blue.,"Context: The user's oxygen supply is nearly depleted, implying immediate risk of suffocation. Tone can be urgent but still clinical.",512212065,
514543818.WEM,Pirate Spotted: Bounty Available,"Nearby Pirate activity detected, Signature matches that of a local posted bounty.","Context: Pirate activity has been detected near the user, with a confirmed bounty match. Tone should be alert, informative, and tactically relevant.",514543818,
531979220.WEM,Fuel Required,"Fuel levels are below required threshold, provide more fuel.",Context: Fuel levels are below operational thresholds and must be replenished to continue normal function. The message should instruct the user to refuel without extra commentary.,531979220,
540684729.wem,Sentinel force deactivated,The local sentinel network has been rendered inoperable.,Notifies that the Sentinel enemy network in the area is no longer active or functioning.,540684729,
543874217.WEM,Danger: Heat Levels Critical,"Critical heat levels have bypassed your protections, high temperature levels are life-threatening."," Context: Critical heat levels have bypassed the user’s protective systems, resulting in life-threatening high temperatures. The alert should communicate the severity of the situation clearly and without embellishment. Maintain a clinical, directive tone without first-person references or narrative.",543874217,
545382948.WEM,Sigil Trait Module Located,"A module for Sigil Traits has been located, stand by for details.",A rare upgrade module relevant to Sigil Traits has been found; awaits user interaction.,545382948,
548071497.WEM,Vehicle Deployed,Your vehicle has been deployed to your location.,Confirms that the player's vehicle has successfully arrived at their current location.,548071497,
556538925.wem,Large ship proximity,"You are too close to a major gravitational source,  Relocate to open space and try again.",Warns the player that proximity to a large ship or gravity well is unsafe for the current action.,556538925,
565386800.WEM,Jump Engaged,"Jump engines engaged, transition to Hyperspace is imminent"," Context: The jump engines have been engaged, and hyperspace transition is imminent. The message should be clear and concise.",565386800,
570428671.WEM,Extreme Temperature Detected,Extreme Temperature Detected," Context: Sensors confirm dangerously high or low temperature extremes in the immediate environment. The alert is meant to warn about temperature conditions that threaten suit integrity or user safety. Do not specify hot or cold, this is a general warning regarding extreme temperatures as the location may fluctuate between both.",570428671,
579975330.WEM,Vehicle Damage Sustained,"Moderate Vehicle Damage has been Sustained, perhaps consider retaking your driver's examination.",Your vehicle has taken medium damage from impacts or hostile fire.,579975330,
580370729.WEM,Extreme Heat Damage Detected,"Extreme Heat Damage Detected, failure to mitigate high temperatures may result in your becoming a crispy critter."," Context: Extreme heat damage has been detected; failure to mitigate this will cause severe harm to the wearer, possibly fatal. an ironic dry humourous comment referring to a potentially lethal outcome is acceptable.",580370729,
582370014.WEM,Assistant Recruited,A new recruit has arrived to assist you on your journey.,"Context: A new assistant or recruit has joined the user’s team to provide support on their journey. The alert should inform the user of this new team member’s availability in a straightforward manner. Tone must be clinical, without emotional connotations or story-like language. Avoid personal pronouns.",582370014,
583871976.WEM,Warning: Threat Detected,A minor threat has been detected.,Informs the player of a nearby low-level danger or enemy presence.,583871976,
589305615.WEM,Shield Kinetic System Online,Shield Kinetic System Online,Context: The shield’s kinetic subsystem has been activated or restored. Message confirms status. Keep tone brief and functional.,589305615,
594696652.wem,Sentinel ships in combat range,Sentinel ships are within your weapons range.,Alerts that hostile Sentinel ships are close enough to engage with weapons.,594696652,
597203928.WEM,Warp Engaged,"Warp drives powering up, prepare for jump to hyperspace.",Signals that the ship's warp system is activating and a jump is imminent.,597203928,
599588736.WEM,Warning,Persisting in Current actions may result in a system bounty placed on your identity.,Warns that the player's actions may attract official hostility or penalties within the game system.,599588736,
623058381.WEM,Shield Down,"Your Shield is offline, power reserves have been drained.",Context: Shield functionality has ceased due to lack of power. Message is informative with subtle urgency.,623058381,
629992665.wem,Atmospheric interference,Atmospheric interference is preventing you from taking that action.  Relocate to empty void and try again.,"Indicates atmospheric conditions are obstructing the player's attempted action, suggesting relocation.",629992665,
634281443.WEM,Commencing Atlas System Suit Initialization,Your Atlas Suit computer is initializing and running a self diagnostic.," Context: This is the first message the user hears when starting a new game.  The Atlas Suit computer system (The user's suit, and AI companion) is currently initializing and running a self-diagnostic process. This message informs the user of the system status. The alert should remain objective, avoid first-person references, and avoid speculative language about outcomes. Maintain a calm and clinical tone.",634281443,
639001585.WEM,Suit Power Cells Depleted,"Suit Power Cells Depleted, recharge to continue.","Context: The suit has exhausted its power reserves, rendering systems inactive until recharged. Tone should convey urgency in a matter-of-fact style.",639001585,
647699088.WEM,Extreme Heat: Critical,You are failing to mitigate extreme heat conditions and continued exposure will lead to complete carbonization.," Context: The user is currently unable to cope with critical heat conditions. Continued exposure will result in total failure or destruction of the suit and/or wearer (figuratively described as carbonization). The message should be delivered in a serious tone, but extending the description of the user's demise into an absurd event is acceptable.",647699088,
653680659.WEM,Extreme Subterranean Temperature Detected,Extreme Subterranean Temperature Detected,Context: Sensors indicate dangerous temperature levels below the surface. The alert warns the user about hazardous subterranean temperature conditions that could compromise the suit or environment.,653680659,
656990144.WEM,Extreme Sentinel Planet,"This planet is inhabited by hostile Sentinel forces, Intrusion and detection will likely result in combat.",Context: The current planet is heavily guarded by hostile Sentinel forces. Any intrusion or detection will likely provoke aggressive combat response. The message should clearly warn of the threat without overdramatization.,656990144,
665195778.WEM,New Inventory Slots Available,"New inventory slots have been installed for your suit, this means you have more pockets!"," Context: Additional inventory slots have been installed on the suit, increasing carrying capacity. The message confirms this upgrade.",665195778,
670654758.WEM,Vehicle Acquired,A new vehicle has been acquired by you.,A new exocraft or starship has been added to your usable fleet.,670654758,
672799524.WEM,Missiles Neutralized,All Incoming hostile Missiles have been Neutralized,Context: All incoming hostile missiles have been neutralized. The message confirms immediate safety.,672799524,
673620140.WEM,Warning: Sentinels Engaged,Hostile sentinels have been engaged.,Notifies the player that they are actively in combat with Sentinel units.,673620140,
675954230.WEM,Extreme Toxicity Detected,Extreme Toxicity Detected," Context: Toxic environmental conditions have reached extreme, hazardous levels, requiring immediate protective action by the user to avoid damage or poisoning.",675954230,
682086836.WEM,Item Received,You have recieved an item.," Context: The user has received an item, added to their inventory or equipment. The message should simply confirm receipt, do not speculate on the source.",682086836,
682556976.WEM,New Planet Analyzed,You have analyzed a new planet and recorded the data to your personal archives.,Context: A new planet has been analyzed and the data recorded in the user’s personal archives. The message confirms successful analysis.,682556976,
682649339.WEM,New Vehicle Acquired,A new vehicle has been acquired by you.,Context: A new vehicle has been added to the user's accessible assets. Message acknowledges acquisition without suggesting celebration or priority. Keep tone formal and neutral.,682649339,
685057897.WEM,Discovery Uploaded,Your discovery has been uploaded for peer review.,Context: A recently uploaded discovery is now pending peer review by the galactic scientific community. The message should indicate the review process without implying delay or uncertainty.,685057897,
691940593.WEM,Shield Protection Stabilizing,"Your Sheild has stopped taking damage, your suit Systems are stabilizing, self repair systems engaged.",Suit systems recovering from recent damage; shield stabilization underway; safety state re-established.,691940593,
695050944.WEM,Missile Destroyed,The hostile Incoming Missile has been Destroyed,Context: A hostile incoming missile has been destroyed. The message confirms the missile no longer poses a threat.,695050944,
696022064.WEM,Extreme Radiation Detected,Extreme Radiation Detected," Context: Extremely high levels of radiation are detected in the current environment, requiring immediate protective measures. The tone must remain serious and technical. This suit is at this point sucessfully protecting the user, but that could change.",696022064,
705081998.wem,Anomoly detected,An Anomoly has been detected that may be worth investigation.,Notifies the player of an unusual phenomenon detected nearby worth exploring.,705081998,
711767177.wem,Warning: civilian shields depleted,"The civilian freighter is in serious danger, their defenses have been compromised.","Warns that a civilian ship’s shields are down, putting it at risk of destruction.",711767177,
729203380.WEM,Vehicle Mobilized,Your vehicle has been mobilized at your location,Indicates that the vehicle is ready for use at the player's position.,729203380,
733521599.WEM,Extreme Night Temperature Detected,Extreme Night Heat Temperature Detected," Context: Extreme night-time heat levels have been detected, which may threaten suit integrity and wearer safety. The message should inform without emotive language.",733521599,
740830728.WEM,Refuel Vehicle,The vehicle is low on fuel and needs to be refueled or recharged immediately.,Context: The vehicle is critically low on fuel and requires immediate refueling or recharging. The alert should communicate urgency and necessary action in a clinical and precise manner. No emotive language or personal address; focus solely on the fuel status and required response.,740830728,
750398819.WEM,Product Transferred,A product has been transferred from one of your inventory spaces to a different inventory space.,Context: An item has been moved from one inventory container to another. This is a routine action; tone should be procedural.,750398819,
752301356.wem,*random autophage static*,,,752301356,
756031301.WEM,Incoming Missile,"Civilian freighter distress signal, Incoming Missile",Context: A civilian freighter is emitting a distress signal due to an incoming pirate attack. The alert combines both distress and missile warning clearly.,756031301,
757274367.WEM,Technology Installed,Technology has been installed.,A new technology module has been successfully installed into your system.,757274367,
760990899.WEM,Home Planet Established,A new home planet has been surveyed and established by you.,Context: A new planet has been successfully surveyed and established as the user’s home. The alert confirms completion of this milestone.,760990899,
768295468.WEM,Danger: Low Oxygen Levels,The suit is nearly out of breathable oxygen.," Context: The user’s suit is nearly depleted of breathable oxygen. This alert informs of critical oxygen shortage. The tone should be concise, urgent, and factual with no emotional content or personal address. Avoid speculative or advisory language.",768295468,
769144390.WEM,Insufficient Resources,You are attempting an action that requires a non-zero accumulation of specified resources.,Context: The user has attempted an action requiring resources they do not currently possess in sufficient quantity. The alert informs of the insufficiency clearly with a sarcastic tone.,769144390,
769872372.wem,Large ship proximity,That action is triggereng the emergency stop protocol due to gravity well proximity,"Notifies that the attempted action is prevented by proximity to a large ship's gravity well, activating emergency stop.",769872372,
770752691.WEM,Scanner Damaged Repair Required,"The multi tool scanner has been damaged, immediate repairs are required.",Scanner system inoperable; user must initiate repairs to restore functionality.,770752691,
774834164.WEM,Weather Update: Storm Clearing,"The storm was an invigorating experience, however the weather is now clearing up.",Notifies the player that storm conditions have passed and the environment is returning to normal.,774834164,
776652442.WEM,Enemy Missile Incoming,"Civilian freighter is in imminint danger of Enemy missile impact, "," Context: A civilian freighter is imminently threatened by an enemy missile launch. The alert should emphasize urgency and potential impact, prompting immediate user attention.",776652442,
780959188.WEM,No Free Slots In Suit Inventory,"Your suit inventory is full, you have no room for storing more stuff until you get rid of some other stuff.",Context: The user's suit inventory is at capacity. Further collection or transfers are blocked. Tone should be pragmatic and matter-of-fact.,780959188,
781094525.WEM,Danger: Shield Compromised,The suit kinetic protection field has failed and will no longer mitigate physical injury.," Context: The suit’s kinetic protection field has failed and can no longer mitigate physical injury. This message informs the user of the loss of a protective system. Maintain a factual and direct tone, avoiding emotional or speculative language. No first-person references.",781094525,
781458145.WEM,Equipment Damaged,"Your equipment has taken serious damage, some functions are impaired or offline and require recalibration."," Context: The user’s equipment has sustained significant damage, causing some systems or functions to be impaired or offline. Repairs or recalibration are required. The tone must be serious but technical.",781458145,
792296351.WEM,Technology Recharged,"A technology module has been recharged, power increase registered.",Energy input has restored function to a previously drained module.,792296351,
797446331.WEM,Hostile System: Engage Weapons,"This star system is under control of hostiles, prepare for immediate combat."," Context: The star system is under hostile control, and weapons systems must be engaged immediately as the occupiers have detected the user and are already responding. The message instructs the user to prepare for combat.",797446331,
797567920.WEM,Toxic Protection Falling,The suit ability to prevent toxic damage has been compromised.,Toxic shielding is weakening; damage from environmental poisons will increase.,797567920,
808789373.WEM,Life Support Systems Activated,"Life Support Systems Active, user bio-signature is registered, may you have better luck with this suit than the previous user."," Context: Life support systems have activated and registered the user’s bio-signature. The message wishes success with the new suit in a neutral, professional tone. There is an implication that the suit has been used by a previous wearer who reached an untimely end.",808789373,
811360087.WEM,New Assistant Recruited,A new recruit has arrived and will immediately undertake unpleasant duties.," Context: A new assistant has been recruited and will immediately be directed to take on duties. The message is straightforward and and may contain ominous humour, describing some onpleasant duties for the recruit to perform as a mild hazing ritual would be acceptable..",811360087,
824079454.wem,Space station proximity,"The laws of physics have denied your request, Relocate before making another attempt at that manouevre.",Informs the player that physical constraints prevent their action due to being too close to a space station.,824079454,
824368356.WEM,Extreme Subterranean Radiation Detected,Extreme Subterranean Radiation Detected," Context: Extremely high subterranean radiation levels have been detected, posing severe risk to wearer and suit integrity. The alert should be precise and technical.",824368356,
825969836.WEM,Life Support Power Low,"Life support power has significantly depleted, failure to mitigate may result in user shutdown sequence.",Context: Life support power is significantly depleted. Failure to take corrective action will result in user death (phrased here as user shutdown). The message is urgent but precise.,825969836,
863051935.WEM,Extreme Hazard Planet,The current planet exhibits various extreme hazards that may overwhelm your suit's protective capabilities.," Context: The planet currently being explored presents multiple unstated extreme hazards, including environmental and possibly hostile factors, that may overwhelm the suit’s protective measures. The tone should warn without exaggeration.",863051935,
865668553.wem,Life support level falling,"Life support failing, recharge immediately to avoid fatal consequences.",Warns that life support power is dangerously low and must be restored to prevent death.,865668553,
871932351.WEM,Shield Down,"Critical damage taken to Your shields, protective capabilites are reduced to zero ",Context: Critical incoming damage has destroyed all shield integrity. Message communicates total loss of defense. Tone should be serious and technical.,871932351,
884631197.WEM,Weapon Charge Depleted,Your Weapon is out of ammo. Reload it to continue randomly shooting and wasting more ammo.,"Notifies the player that their weapon has no ammunition and needs to be reloaded, with sarcastic commentary.",884631197,
891464212.WEM,Fuel Depleted,Your vehicle fuel reserves are completely depleted.," Context: Vehicle fuel reserves are fully depleted, disabling vehicle operation. The message informs the user of this critical state.",891464212,
899320928.WEM,Thermal Protection Offline,Thermal Protection is no longer functional and you will be subjected to unpleasant extreme temperature effects.,Thermal defense has failed; extreme environmental temperatures will affect user health.,899320928,
899453751.WEM,Radiation Leak Detected,Intense Radiation Leak Detected in the vicinity.,"Context: A nearby source of intense radiation is leaking into the environment, posing a threat. Informational and serious tone.",899453751,
906001973.WEM,Jumping,"Hyperspace jump is underway, perceptual distortion effects can be mitigated by adequate hydration."," Context: The hyperspace jump is currently underway. Warp jumps between systems are equivalent to cut scenes (but no speaking lines), so filling the wait time with lengthy absurdly verbose humourous descriptive commentary about dizziness or nausea as a result of Visual or sensory distortions is absolutely encouraged.",906001973,
906332741.WEM,Alert: Navigational Data Received,New data has been recieved and stored in your navigation database.,Context: This alert notifies the user that new navigational data has been received and stored in the navigation database. The message should communicate that the navigation system has been updated with new information. The tone is informative and objective. Avoid referring to the user or suit in first-person and do not speculate beyond the data reception and storage.,906332741,
911201958.WEM,Insufficient Units,You do not have enough monetary units to make this purchase.,Context: The user’s monetary units are insufficient to complete a purchase. The message may state this using humor and/or speculation on why the user has no money left..,911201958,
911633476.WEM,User Initialization Sequence Complete,User Initialization Sequence Complete,Startup routine completed; user interface and systems are now online.,911633476,
925087453.WEM,Element Resources Successfully Transferred To Ship Inventory,Selected resources have been transferred to the ship cargo hold.,"Context: This message confirms that selected resources have been successfully transferred to the ship’s cargo hold. It is a simple status update affirming completion of a resource transfer action. The alert must be concise and factual, avoiding personal pronouns or unnecessary details. The focus is on acknowledging the transfer without emotional tone or advice.",925087453,
929033162.WEM,Device Critically Damaged,"Your equipped tool has taken a critical amount of damage, one or more components need repair."," Context: One or more critical components of the currently equipped tool are severely damaged, impairing its function. Repair or replacement is required to restore full operation. The alert should convey severity but remain technical and factual.",929033162,
934987809.WEM,No Active Technology in Multi Tool,"The current multitool is useless, Install functional modules or repair damaged components if you wish to use it.","Context: The user's multitool has no active modules or usable systems. Message indicates complete lack of function and suggests user intervention. Tone should be dry, slightly critical, and mechanical.",934987809,
935180311.WEM,New Ship Now Available,"A new ship has become available for you to acquire, should you wish to accept it.",Context: A newly available ship can now be acquired by the user. Message confirms availability but does not imply urgency or direction. Tone should be informative and neutral.,935180311,
943635243.WEM,Critical Damage Taken,Massive non-trivial damage has been inflicted on your body.," Context: Significant physical damage has been inflicted on the user’s body. This alert must communicate the severity and critical nature of the damage clearly and urgently. The message should be direct and clinical, avoiding dramatization or emotional tones. No first-person references or narrative.",943635243,
951631813.WEM,Temperature Levels Stabilizing,External Temperature is Stabilizing to optimal comfort levels.,Thermal conditions outside the suit are returning to normal operating range.,951631813,
954591441.wem,Pirate engines neutralized,"Pirate engines have been destroyed, the vessel is crippled.","Confirms that the engines of a pirate ship have been disabled, leaving it unable to maneuver.",954591441,
957514183.WEM,Danger: Radiation Breach,Shielding against radiation has overloaded and failed. Irreperable chromosonal damage is a possibility.," Context: Radiation shielding has overloaded and failed, risking irreparable chromosomal damage. The alert should clearly convey system failure and high-risk exposure without elaboration. Tone must be clinical and precise, no first-person or narrative embellishment.",957514183,
965460983.WEM,Out Of Range: Return To Base,"You are Out Of Range of your base, some actions will not be possible unless you return to legally claimed territory.",Context: The user has moved outside of their base's functional area. Certain capabilities are disabled unless they return. The tone should be alert and instructive.,965460983,
968718536.WEM,Hostile Ships Approaching,Hostile starships are on apporach to your position and their weapons armed," Context: Hostile starships have been detected approaching the user’s position, weapons armed and ready. The alert must convey urgency without panic.",968718536,
968836370.WEM,Extreme Cold Damage Detected,You are taking serious damage from extreme cold.,Context: The wearer is sustaining serious damage due to exposure to extreme cold conditions. The alert should indicate severity and potential threat to life support.,968836370,
969545875.WEM,Element Resources Successfully Transferred,Your selected Inventory items have been transferred to alternate inventory storage.," Context: Selected inventory items have been successfully transferred to an alternate storage system, such as the ship’s cargo hold or secondary inventory. The message confirms the transfer without additional details.",969545875,
972765308.WEM,Missile Locked And Ready,"Hostile Missile Locked, Civilian Freighter Targeted.",Context: A hostile missile has locked onto a civilian freighter target. The message warns of imminent missile threat.,972765308,
973658086.WEM,Danger: Toxic Rain Breach,Life-threatening toxic elements have entered the suit.," Context: Life-threatening toxic substances have breached the suit’s protective barriers, posing immediate danger to the wearer’s health. The suit’s systems are actively trying to contain and warn about this toxic exposure. The alert must convey urgency without panic.",973658086,
974964870.WEM,Damage Sustained To Vehicle,"Your vehicle has taken light to moderate damage, the safety harness has been engaged."," Context: The user’s vehicle has sustained light to moderate damage and the safety harness has engaged as a protective response. The alert must convey both damage status and safety system activation clearly and directly. Maintain a neutral, factual tone with no first-person or emotional embellishment.",974964870,
976899439.WEM,Extreme Night Temperature Detected,Extreme Night Cold Temperature Detected," Context: Extreme cold temperatures during the night cycle are detected, posing a threat to life support and wearer safety. The message should be direct and clear.",976899439,
980411923.WEM,Product Received,A product has been received and placed in your inventory.,Context: An item or product has been delivered to the user and added to inventory. Keep tone brief and informative.,980411923,
984473045.WEM,Warning: Hostile System,"This star system is under hostile control, occupiers are intolerant of trespassers.",Notifies the player they are in a hostile-controlled star system where enemies will likely attack.,984473045,
985789170.WEM,Product Constructed,A product has been constructed and placed in your inventory.,"Context: The user has successfully fabricated a product, now stored in their inventory. Message is neutral, procedural.",985789170,
990719346.WEM,New System Discovered,A new stellar system has been discovered by you.,Context: The user has successfully discovered a previously uncharted star system. Message acknowledges discovery without exaggeration. Tone should be neutral and technical.,990719346,
1003218333.WEM,Warning,Unspecified warning has been triggered.,Generic cautionary message indicating a non-specific risk or alert has been activated.,1003218333,
1006934470.WEM,Multi Tool And Mining Laser Attachment Operational,"Your Multi Tool is operational, as is the Mining Laser Attachment.",Context: The user’s multi-tool and mining laser attachment are fully operational and ready for use. The message confirms system status. This message is played during the start of a new game.,1006934470,
1010781808.WEM,Discovery Uploaded,Your discovery has been uploaded to the galactic survey network for others to view.," Context: A new discovery made by the user has been successfully uploaded to the official galactic survey network, allowing others across the galaxy to access and review the data. The message confirms successful transmission without additional commentary.",1010781808,
1015651622.WEM,Warning,Continung this course of action will likely be counterproductive.,Suggests that the player's current behavior may hinder progress or cause problems.,1015651622,
1023688906.WEM,Collectible Received,A collectible item intended for personal decoration has been placed in your inventory.," Context: A collectible item intended for personal decoration has been placed in the user’s inventory. This is a simple confirmation alert indicating item acquisition. The tone should be neutral and factual, avoiding embellishment or subjective interpretation. No mention of use cases  as there is a wide variety of possible collectible items that could be referred to, just give a general acknowledgement.",1023688906,
1032826641.WEM,Weather Warning: Incoming Storm,Unpleasant weather is on it's way.,Warns the player that a storm is approaching their current location.,1032826641,
1037434146.WEM,External View Selected,External camera View Selected," Context: The user has switched to an external camera view, offering a perspective outside of the suit or vehicle. The message should be concise and descriptive without additional explanation.",1037434146,
1038991804.WEM,New Technology Discovered,New technology has been discovered and added to your database.,Context: The user has discovered a new piece of technology. Message confirms addition to internal database without suggesting immediate use. Keep tone factual and informative.,1038991804,
1045889204.WEM,Vehicle Summoned,Your vehicle has been airdropped to this location.,Notifies the player that a vehicle has been summoned and delivered to them via drop.,1045889204,
1061736374.WEM,Life Support Offline,"Life support power is now offline, suit and systems are shutting down, user shutdown will proceed momentarily."," Context: Life support systems are now offline, and suit systems are shutting down. User shutdown sequence will proceed imminently (this part of the message to be considered as a dry dark-houmour additional comment). The tone is grave and technical.",1061736374,
1063828486.WEM,Toxic Damage Detected,"Toxic Damage Detected, likelyhood of nausea increasing.",Environmental toxins detected; exposure may cause physical side effects.,1063828486,
460766259.wem,*random autophage*,,,,
487346738.wem,*random autophage*,,,,
61285078.wem,*random autophage static*,,,,
836418899.wem,*random autophage static*,,,,
862236259.wem,*random autophage static*,,,,
946171572.wem,*random autophage static*,,,,
998327261.wem,*random autophage*,,,,
